{ "catalog" : [

    { "productId" :"1",
      "name" : "Andrew Brilliam",
      "description" : "15 years experience. 8 years with Flex.  Specializing in Text Layout Framework",
      "price" : 60.00,
      "image" : "assets/pic/abrilliam.jpg",
      "experience" : 15,
      "blazeds" : false,
      "mobile" : false,
      "video" : false,
      "highlight1" : "Text Layout Framework",
	  "highlight2" : "Parsley"
    },
    
    { "productId" : "2",
        "name" : "Annette Kotter",
        "description" : "Specializing in custom components.  PHP servers.",
        "price" : 55,
        "image" : "assets/pic/akotter.jpg",
        "experience" : 3,
        "blazeds" : true,
        "mobile" : false,
        "video" : false,
        "highlight1" : "Custom Components",
		"highlight2" : "PHP"
    },

    { "productId" : "3",
        "name" : "Ben Crater",
        "description" : "Specializing in BlazeDS backends.",
        "price" : 55,
        "image" : "assets/pic/bcrater.jpg",
        "experience" : 4,
        "blazeds" : true,
        "mobile" : false,
        "video" : false,
        "highlight1" : "BlazeDS",
		"highlight2" : "Remote Object"
    },

    { "productId" : "4",
        "name" : "Beth Leporte",
        "description" : "BlazeDS or PHP servers.  Multimedia messagin.",
        "price" : 70.00,
        "image" : "assets/pic/bleporte.jpg",
        "experience" : 6,
        "blazeds" : true,
        "mobile" : false,
        "video" : false,
        "highlight1" : "Multimedia messaging",
		"highlight2" : "BlazeDS"
    },

    { "productId" : "5",
        "name" : "Brad Van Brocklin",
        "description" : "Emphasis on mobile application development",
        "price" : 80,
        "image" : "assets/pic/bvanbrocklin.jpg",
        "experience" : 6,
        "blazeds" : false,
        "mobile" : true,
        "video" : false,
        "highlight1" : "Mobile",
		"highlight2" : "Android"
    },

    { "productId" : "6",
        "name" : "Carlos Carpenter",
        "description" : "Built many mobile apps and video apps.",
        "price" : 80,
        "image" : "assets/pic/ccarpenter.jpg",
        "experience" : 4,
        "blazeds" : false,
        "mobile" : true,
        "video" : true,
        "highlight1" : "Mobile",
		"highlight2" : "Video"
    },

    { "productId" : "7",
        "name" : "Christine Lampberto",
        "description" : "7 years experience building mobile applications.",
        "price" : 90,
        "image" : "assets/pic/clampberto.jpg",
        "experience" : 7,
        "blazeds" : true,
        "mobile" : true,
        "video" : false,
        "highlight1" : "BlazeDS",
		"highlight2" : "Mobile"
    },

    { "productId" : "8",
        "name" : "Dee Dee Avenon",
        "description" : "I've been making video apps for over 5 years and mobile apps for about 3 years.",
        "price" : 100,
        "image" : "assets/pic/davenon.jpg",
        "experience" : 10,
        "blazeds" : false,
        "mobile" : true,
        "video" : true,
        "highlight1" : "Video Applications",
		"highlight2" : "Mobile Applications"
    },

    { "productId" : "9",
        "name" : "Denise McGoyal",
        "description" : "Specializing in video sharing applicaions.  MObile apps too.",
        "price" : 100,
        "image" : "assets/pic/dmcgoyal.jpg",
        "experience" : 5,
        "blazeds" : false,
        "mobile" : true,
        "video" : true,
        "highlight1" : "Video Applications",
		"highlight2" : "Mobile Applications"
    },

    { "productId" : "10",
        "name" : "Daniel Willhelm",
        "description" : "I'm into mobile apps, video apps and social apps.",
        "price" : 70,
        "image" : "assets/pic/dwillhelm.jpg",
        "experience" : 90,
        "blazeds" : false,
        "mobile" : true,
        "video" : true,
        "highlight1" : "Video Applications",
		"highlight2" : "Mobile Applications"
    },

    { "productId" : "11",
        "name" : "Eunice Sunderland",
        "description" : "My recent focus is on mobile apps, but I have considerable experience in video apps as well.",
        "price" : 150,
        "image" : "assets/pic/esunderland.jpg",
        "experience" : 30,
        "blazeds" : false,
        "mobile" : true,
        "video" : true,
        "highlight1" : "Video Applications",
		"highlight2" : "Mobile Applications"
    },

    { "productId" : "12",
        "name" : "Jane Proctor",
        "description" : "I've been developing mobile companion apps for the past 3 years.",
        "price" : 75,
        "image" : "assets/pic/jproctor.jpg",
        "experience" : 6,
        "blazeds" : false,
        "mobile" : true,
        "video" : true,
        "highlight1" : "Video Applications",
		"highlight2" : "Mobile Applications"
    },

    { "productId" : "13",
        "name" : "Mark Fields",
        "description" : "Video is my favorite thing.  Mobile is also a favorite.",
        "price" : 60,
        "image" : "assets/pic/mfields.jpg",
        "experience" : 70,
        "blazeds" : false,
        "mobile" : true,
        "video" : true,
        "highlight1" : "Video Applications",
		"highlight2" : "Mobile Applications"
    },

    { "productId" : "14",
        "name" : "Patricia Dempsey",
        "description" : "I've been cranking out mobile apps for the past 6 years.  A few have involved video as well.",
        "price" : 120,
        "image" : "assets/pic/pdempsey.jpg",
        "experience" : 7,
        "blazeds" : false,
        "mobile" : true,
        "video" : true,
        "highlight1" : "Video Applications",
		"highlight2" : "Mobile Applications"
    },

    { "productId" : "15",
        "name" : "Paul Trandep",
        "description" : "I've been working on a mobile app that incorporates music.  It just shipped so now I'm looking for the next fun thing to work on.'",
        "price" : 50,
        "image" : "assets/pic/ptranep.jpg",
        "experience" : 6,
        "blazeds" : false,
        "mobile" : true,
        "video" : true,
        "highlight1" : "Video Applications",
		"highlight2" : "Mobile Applications"
    },

    { "productId" : "16",
        "name" : "Roscoe Crawley",
        "description" : "My main specialty is in BlazeDS connected to Flex.",
        "price" : 59,
        "image" : "assets/pic/rcrawley.jpg",
        "experience" : 9,
        "blazeds" : true,
        "mobile" : false,
        "video" : false,
        "highlight1" : "BlazeDS",
		"highlight2" : "Remote Object"
    },

    { "productId" : "17",
        "name" : "Renee Dreifus",
            "description" : "I can do it all: BlazeDS, Mobile, Video.",
        "price" : 79,
        "image" : "assets/pic/rdreifus.jpg",
        "experience" : 90,
        "blazeds" : true,
        "mobile" : true,
        "video" : true,
        "highlight1" : "Video Applications",
		"highlight2" : "Mobile Applications"
    },

    { "productId" : "18",
        "name" : "Tina Wong",
        "description" : "I've been developing Flex apps since 1.5.  Most of my recent work has been on mobile apps.",
        "price" : 109,
        "image" : "assets/pic/twong.jpg",
        "experience" : 9,
        "blazeds" : false,
        "mobile" : true,
        "video" : true,
        "highlight1" : "Video Applications",
		"highlight2" : "Mobile Applications"
    }
]}
